{"Breathing Problem": 0.6661759293338241, "Fever": 0.7863452337136547, "Dry Cough": 0.7926021347073978, "Sore throat": 0.7274567537725433, "Running Nose": 0.5432462274567538, "Asthma": 0.4626426205373574, "Chronic Lung Disease": 0.47202797202797203, "Headache": 0.5034965034965035, "Heart Disease": 0.4642988590357011, "Diabetes": 0.4762605815237394, "Abroad travel": 0.45104895104895104, "Contact with COVID Patient": 0.5016562384983437, "Attended Large Gathering": 0.4619065145380935, "Visited Public Exposed Places": 0.5189547294810453, "Family working in Public Exposed Places": 0.41626794258373206, "Wearing Masks": 0.0, "Sanitization from Market": 0.0}